<?xml version="1.0" encoding="utf-8"?>
<menu xmlns:android="http://schemas.android.com/apk/res/android"
    xmlns:tools="http://schemas.android.com/tools"
      xmlns:app="http://schemas.android.com/apk/res-auto"
    >
  <item android:title="الرئيسية">
    <menu>
      <group android:checkableBehavior="single">
        <item
            android:id="@+id/nav_main"
            android:icon="@drawable/ic_menu_camera"
            android:title="الرئيسية" />
        <item
            android:id="@+id/nav_price_list"
            android:icon="@drawable/ic_menu_gallery"
            android:title="أسعار العملات" />
        <item
            android:id="@+id/nav_accounts"
            android:icon="@drawable/ic_menu_slideshow"
            android:title="الحسابات" />
        <item
            android:id="@+id/nav_correspondents"
            android:icon="@drawable/ic_menu_manage"
            android:title="المراسلون" />
      </group>
    </menu>
  </item>
    
  <item android:title="التقارير">
    <menu>
      <item android:title="الحوالات الواردة"
            android:id="@+id/nav_recievedtransfers"
            android:icon="@drawable/ic_menu_manage"/>
      <item android:title="اليومية العامة"
            android:id="@+id/nav_accountinfo"
            android:icon="@drawable/ic_menu_manage"/>
      
    </menu>
  </item>
   

</menu>
