﻿<?xml version="1.0" encoding="utf-8"?>
<resources>
  <string name="weblink">Web : <a href="http://www.ibdaa-syria.com">www.ibdaa-syria.com</a>
  </string>
	<string name="Account">كشف حساب</string>
	<string name="Currencies">أسعار العملات</string>
	<string name="Gold">أسعار الذهب</string>
	<string name="Silver">أسعار الفضة</string>
	<string name="News">آخر الأخبار</string>
	<string name="app_name">صكوك البركة</string>
	<string name="Loading">تحميل</string>
	<string name="getting_data">جار جلب البيانات</string>
	<string-array name="curs">
		<item>USD</item>
		<item>EUR</item>
		<item>SYP</item>
		<item>AED</item>
		<item>BHD</item>
		<item>DZD</item>
		<item>EGP</item>
		<item>IQD</item>
		<item>JOD</item>
		<item>KWD</item>
		<item>LBP</item>
		<item>LYD</item>
		<item>MRO</item>
		<item>OMR</item>
		<item>QAR</item>
		<item>SAR</item>
		<item>SDG</item>
		<item>TND</item>
		<item>YER</item>
	</string-array>
	<string-array name="minerals">
		<item>Gold</item>
		<item>Silver</item>
	</string-array>
	<string-array name="time">
		<item>10 دقائق</item>
		<item>30 دقيقة</item>
		<item>1 ساعة</item>
		<item>3 ساعات</item>
		<item>6 ساعات</item>
		<item>1 يوم</item>
		<item>3 أيام</item>
		<item>5 أيام</item>
    <item>1 أسبوع</item>
    <item>1 شهر</item>
    <item>3 أشهر</item>
    <item>6 أشهر</item>
    <item>1 سنة</item>
	</string-array>
</resources>
