<resources>
    <string name="app_name">EX Money</string>
    <string name="navigation_drawer_open">Open navigation drawer</string>
    <string name="navigation_drawer_close">Close navigation drawer</string>
    <string name="action_settings">Settings</string>
  <string-array name="curs">
    <item>USD</item>
    <item>EUR</item>
    <item>SYP</item>
    <item>AED</item>
    <item>BHD</item>
    <item>DZD</item>
    <item>EGP</item>
    <item>IQD</item>
    <item>JOD</item>
    <item>KWD</item>
    <item>LBP</item>
    <item>LYD</item>
    <item>MRO</item>
    <item>OMR</item>
    <item>QAR</item>
    <item>SAR</item>
    <item>SDG</item>
    <item>TND</item>
    <item>YER</item>
  </string-array>
</resources>
